YS,SF1,SFDM1,SFZM1,SF2,SFDM2,SFZM2,SF3,SFDM3,SFZM3,ZYZ1,ZYZDM1,ZYZZM1,ZYZ2,ZYZDM2,ZYZZM2,ZYZ3,ZYZDM3,ZYZZM3,YQ1,YQDM1,YQZM1,YQ2,YQDM2,YQZM2,YQ3,YQDM3,YQZM3
颜色,塑粉1,塑粉单门1,塑粉子母1,塑粉2,塑粉单门2,塑粉子母2,塑粉3,塑粉单门3,塑粉子母3,转印纸1,转印纸单门1,转印纸子母1,转印纸2,转印纸单门2,转印纸子母2,转印纸3,转印纸单门3,转印纸子母3,油漆1,油漆单门1,油漆子母1,油漆2,油漆单门2,油漆子母2,油漆3,油漆单门3,油漆子母3
鼎立磨砂,华荣8181,0.5,0.8,,,,,,,吉荣H11193A-27,6,8,,,,,,,,,,,,,,,
顶固磨砂,华荣8181,0.5,0.8,,,,,,,吉荣H1807-3,6,8,,,,,,,,,,,,,,,
黑木磨砂,共成PSW35478,0.5,0.8,,,,,,,照川Z61067-1,6,8,,,,,,,,,,,,,,,
巴西黄花梨,共成PSW35478,0.5,0.8,,,,,,,吉荣H11193A-27,6,8,,,,,,,,,,,,,,,
枫木磨砂,共成PSW35478,0.5,0.8,,,,,,,吉荣H05102-8,6,8,,,,,,,,,,,,,,,
君临天下磨砂,华荣8181,0.5,0.8,,,,,,,照川Z61602,6,8,,,,,,,,,,,,,,,
温馨磨砂,共成PSW35478,0.5,0.8,,,,,,,锦彩HD8082,6,8,,,,,,,,,,,,,,,
紫檀磨砂,共成PSW35478,0.5,0.8,,,,,,,长盛9816A,6,8,,,,,,,,,,,,,,,
白橡木磨砂,华荣E5115,0.9,1.2,,,,,,,吉荣08155-3,6,8,,,,,,,,,,,,,,,
白木磨砂,华荣E5115,0.9,1.2,,,,,,,照川Z61067,6,8,,,,,,,,,,,,,,,
乌木磨砂,共成PSW35478,0.5,0.8,,,,,,,照川Z61087,6,8,,,,,,,,,,,,,,,
尤哥磨砂,共成PSW35478,0.5,0.8,,,,,,,锦彩8018Y,6,8,,,,,,,,,,,,,,,
曲柳磨砂,共成PSW35478,0.5,0.8,,,,,,,锦彩8073Y-3,6,8,,,,,,,,,,,,,,,
幸福转印,华荣E3521,0.6,0.9,,,,,,,照川Z61539-1,6,8,,,,,,,水性漆4分光,0.35,0.55,,,,,,
黄横纹磨砂,中江P1381S,0.6,0.9,华荣T2831,0.2,0.3,,,,照川Z61028-3,4,6,,,,,,,,,,,,,,,
蓝砂闪银,华荣T5841,0.9,1.4,,,,,,,,,,,,,,,,,,,,,,,,
红古铜喷塑,中江D032,0.9,1.4,,,,,,,,,,,,,,,,,,,,,,,,
黑晶木,中江P0080-5,0.6,0.9,,,,,,,佳泰1031,4,6,佳泰1036A,1,2,花樟木,1,2,水性漆4分光,0.35,0.55,,,,,,
开罗磨砂,中江P0077S,0.5,0.8,,,,,,,锦彩4HD8078-3,6,8,,,,,,,,,,,,,,,
开罗转印,中江EP0045,0.5,0.8,,,,,,,锦彩4HD8078-3,6,8,,,,,,,水性漆4分光,0.35,0.55,,,,,,
拿破仑磨砂,中江P0077S,0.5,0.8,,,,,,,吉荣H1560-2,6,8,,,,,,,,,,,,,,,
拿破仑转印,中江EP0045,0.5,0.8,,,,,,,吉荣H1560-2,6,8,,,,,,,水性漆4分光,0.35,0.55,,,,,,
哥伦布转印,中江EP4100,0.6,0.9,,,,,,,欧码8091-3,6,8,,,,,,,水性漆4分光,0.35,0.55,,,,,,
黄柚木磨砂,中江P4243S-8,0.8,1.1,,,,,,,吉荣H1561-1,6,8,,,,,,,,,,,,,,,
崖豆木,中江P0075S,0.5,0.8,,,,,,,锦彩4HD8056-2,6,8,,,,,,,,,,,,,,,
黄铜金花喷塑,华荣T7844,0.9,1.4,,,,,,,,,,,,,,,,,,,,,,,,
瑞士转印,中江EP0045,0.5,0.8,,,,,,,吉荣H10187-8,6,8,,,,,,,水性漆4分光,0.35,0.55,,,,,,
四方块磨砂,中江P9153,0.9,1.2,,,,,,,吉荣H1296,6,8,,,,,,,,,,,,,,,
西雅图磨砂,中江P0075S,0.5,0.8,,,,,,,吉荣H1931,6,8,,,,,,,,,,,,,,,
浅咖啡色,中江EP4100,0.6,0.9,,,,,,,吉荣H1560-2,6,8,,,,,,,水性漆4分光,0.35,0.55,,,,,,
浅咖啡色（偏黄）,创BG3545,0.6,0.9,,,,,,,吉荣H1560-3B,6,8,,,,,,,水性漆4分光,0.35,0.55,,,,,,
志在四方磨砂,共成PSW35478,0.5,0.8,,,,,,,吉荣H1807-3,6,8,,,,,,,,,,,,,,,
四方之志磨砂,华荣8181,0.5,0.8,,,,,,,照川61520,6,8,,,,,,,,,,,,,,,
美满磨砂,华荣8181,0.5,0.8,,,,,,,照川Z61306-1,6,8,,,,,,,,,,,,,,,
京京磨砂,中江P0048S,0.9,1.2,,,,,,,照川Z61209,6,8,,,,,,,,,,,,,,,
诚品磨砂,中江P8989S,0.7,1.1,,,,,,,吉荣H1823,6,8,,,,,,,,,,,,,,,
星光磨砂,华荣8181,0.5,0.8,华荣T2831,0.2,0.3,,,,照川Z61801,4,6,,,,,,,,,,,,,,,
辰光磨砂,中江P1381S,0.6,0.9,华荣T2831,0.2,0.3,,,,照川Z61028-3,4,6,,,,,,,,,,,,,,,
赫拉磨砂,中江P0199S,1.1,1.4,华荣T2832,0.2,0.3,,,,吉荣1848,4,6,,,,,,,,,,,,,,,
星际磨砂,华荣8181,0.5,0.8,华荣T2832,0.2,0.3,,,,照川Z61302-5,4,6,,,,,,,,,,,,,,,
阿波罗磨砂,中江P1381S,0.6,0.9,华荣T2831,0.2,0.3,,,,长盛9602-1A,4,6,,,,,,,,,,,,,,,
磨砂金橡木,中江P9153,0.9,1.2,,,,,,,力源9239,6,8,,,,,,,,,,,,,,,
艺术真铜红铜,中江EP1062-7,0.6,1.1,,,,,,,,,,,,,,,,波诗明GB-9070,1,1.3,格力丝C-4907H,0.35,0.55,面漆GD-100F30,0.35,0.55
颐和门色,中江EP4100,0.6,0.9,,,,,,,吉荣09176-1,6,8,,,,,,,水性漆4分光,0.35,0.55,,,,,,
新三方色,创基B6018,0.6,0.9,,,,,,,吉荣H09165-10,6,8,,,,,,,水性漆4分光,0.35,0.55,,,,,,
颐家门色,中江EP1021,0.5,0.7,,,,,,,国盛1033-6,4,6,国盛301-1,1,1,国盛1097-1,1,1,水性漆4分光,0.35,0.55,,,,,,
红拼木转印,中江EP1021,0.5,0.7,,,,,,,吉荣0328-21,6,8,,,,,,,水性漆4分光,0.35,0.55,,,,,,
红橡木转印,华荣E3449,0.6,0.9,,,,,,,照川Z61018-1,6,8,,,,,,,水性漆4分光,0.35,0.55,,,,,,
榆木转印,中江EP0045,0.5,0.8,,,,,,,锦彩8003Y-2,6,8,,,,,,,水性漆4分光,0.35,0.55,,,,,,
红柳木,中江EP0045,0.5,0.8,,,,,,,吉荣H10182-5,6,8,,,,,,,水性漆4分光,0.35,0.55,,,,,,
炭烧木,中江EP0045,0.5,0.8,,,,,,,锦彩HD8036-2,6,8,,,,,,,水性漆4分光,0.35,0.55,,,,,,
炭烧木磨砂,中江0106S-8,0.9,1.2,,,,,,,锦彩5HD8076-1,6,8,,,,,,,,,,,,,,,
黄金线磨砂,中江P0077S,0.5,0.8,,,,,,,锦彩4HD8055,2,2,锦彩3D8088-1,4,6,,,,,,,,,,,,
真铜紫铜,中江EP1062-7,0.9,1.2,,,,,,,,,,,,,,,,波诗明GD-9091,1.2,1.4,格力丝C-3327H,0.3,0.5,面漆GD-100F30,0.3,0.5
橡木,中江EP0045,0.5,0.8,,,,,,,吉荣H09167-1,6,8,,,,,,,水性漆4分光,0.35,0.55,,,,,,
颐家紫檀,中江EP4100,0.6,0.9,,,,,,,锦彩4HD8036-3,6,8,,,,,,,水性漆4分光,0.35,0.55,,,,,,
红檀,中江EP0045,0.5,0.8,,,,,,,照川Z61553-1,6,8,,,,,,,水性漆4分光,0.35,0.55,,,,,,
核桃木,华荣E3408,0.6,0.9,,,,,,,吉荣H1221-2,6,8,,,,,,,水性漆4分光,0.35,0.55,,,,,,
三宝门套色,中江EP1021,0.55,0.7,,,,,,,国盛308-9,4,6,国盛0801-1,2,2,,,,水性漆4分光,0.35,0.55,,,,,,
楸木,中江EP1021,0.55,0.7,,,,,,,国盛308-9,6,8,,,,,,,水性漆4分光,0.35,0.55,,,,,,
前程似锦套色,中江EP1021,0.55,0.7,,,,,,,国盛308-9,4,6,国盛0801-1,2,2,,,,水性漆4分光,0.35,0.55,,,,,,
高仿真木纹,创基BG3545,0.6,0.9,,,,,,,欧码6051-1,6,8,,,,,,,水性漆4分光,0.35,0.55,,,,,,
苹果木,中江P0080-5,0.6,0.9,,,,,,,吉荣H1337-1,6,8,,,,,,,水性漆4分光,0.35,0.55,,,,,,
桑木色,中江P0080-5,0.6,0.9,,,,,,,锦彩4HD6061,6,8,,,,,,,水性漆4分光,0.35,0.55,,,,,,
樱桃木,华荣E3449,0.6,0.9,,,,,,,佳泰PS1580-2,6,8,,,,,,,水性漆4分光,0.35,0.55,,,,,,
镀黄铜,喜泽荣E3520-1,0.6,1.1,,,,,,,,,,,,,,,,华荣镀黄铜3#,0.8,1.2,原铜拉丝灰,0.3,0.5,耐黄变30度,0.35,0.55
山核木,华荣8181,0.5,0.8,,,,,,,吉荣1221-1,6,8,,,,,,,,,,,,,,,
平光白,LG01712,0.9,1.4,,,,,,,,,,,,,,,,,,,,,,,,
蓝灰锤纹,华荣T7604,0.9,1.4,,,,,,,,,,,,,,,,,,,,,,,,
白灰,共成PYG29940,0.9,1.4,,,,,,,,,,,,,,,,,,,,,,,,
平光米黄,共成PYG06105,0.9,1.4,,,,,,,,,,,,,,,,,,,,,,,,
黑胡桃,创B6013,0.5,0.7,,,,,,,国盛1021-22,6,8,,,,,,,水性漆4分光,0.35,0.55,,,,,,
红胡桃,中江EP1021,0.5,0.7,,,,,,,国盛1021-22,6,8,,,,,,,水性漆4分光,0.35,0.55,,,,,,
黑拼木,创B6013,0.5,0.7,,,,,,,吉荣0328,6,8,,,,,,,水性漆4分光,0.35,0.55,,,,,,
至友磨砂,中江P0048S,0.8,1.1,,,,,,,佳泰PS1580-2,6,8,,,,,,,,,,,,,,,
伊朗指定磨砂,中江6014S,0.9,1.2,,,,,,,吉荣10181,6,8,,,,,,,,,,,,,,,
伊朗定制,创基BG6014,0.6,0.9,,,,,,,吉荣10181,6,8,,,,,,,水性漆4分光,0.35,0.55,,,,,,
黄柚木磨砂,中江P4243S-8,0.9,1.2,,,,,,,吉荣H1561-1,6,8,,,,,,,,,,,,,,,
羊城檀木,中江EP1021,0.5,0.7,,,,,,,吉荣H0331-9,4,6,吉荣10181-13,2,2,,,,水性漆4分光,0.35,0.55,,,,,,
黑底金花,共成PJW9565,0.7,1.1,,,,,,,,,,,,,,,,,,,,,,,,
维纳斯磨砂,华荣E5115,0.6,0.9,华荣T2831,0.2,0.3,,,,长盛FD011-1A,4,6,,,,,,,,,,,,,,,
柏拉图磨砂,圣联7168,0.6,0.9,华荣T2832,0.2,0.3,,,,照川Z61055-2,4,6,,,,,,,,,,,,,,,
凯撒磨砂,华荣8181,0.5,0.8,华荣T2831,0.2,0.3,,,,照川Z61823,4,6,,,,,,,,,,,,,,,
宙斯磨砂,华荣E5115,0.6,0.9,华荣T2831,0.2,0.3,,,,照川Z61523,4,6,,,,,,,,,,,,,,,
苹果木磨砂,中江P0077S,0.5,0.8,,,,,,,吉荣H1337-1,6,8,,,,,,,,,,,,,,,
牛牛花开富贵磨砂,共成PSW35478,0.5,0.8,,,,,,,照川Z61520,6,8,,,,,,,,,,,,,,,
磨砂拼接305,中江P0075S,0.5,0.8,,,,,,,锦彩8003Y,6,8,,,,,,,,,,,,,,,
黑棉锦纹,共成PZW8999,0.9,1.4,,,,,,,,,,,,,,,,,,,,,,,,
御银双色,共成PZW8999,0.6,1.1,华荣E5115,0.3,0.4,,,,吉荣H16037,2,3,吉荣白纸,2,3,,,,,,,,,,,,
海天一色,中江P0199S,1.2,1.7,,,,,,,吉荣H1848,4,6,吉荣1834-6,3,4,,,,,,,,,,,,
盼宏色,中江EP0275,0.5,0.8,,,,,,,照川61562-2,7,10,,,,,,,水性漆4分光,0.35,0.55,,,,,,
瓜山色,中江P1386S,0.9,1.2,,,,,,,长盛9106-13A,6,8,,,,,,,,,,,,,,,
黑灰磨砂,中江P2293S,0.9,1.2,,,,,,,鑫尚彩AD992-3B,6,8,,,,,,,,,,,,,,,
家创色,中江P0199S,0.5,0.7,华荣E5115,0.4,0.6,中江P7305S,0.4,0.5,照川61620-2,2,3,照川61909,2,3,,,,,,,,,,,,
家锦1号色,中江P2402S,1.1,1.4,华荣T2831,0.4,0.5,,,,佳泰4K9037-5,4,6,,,,,,,,,,,,,,,
家鸿色,华荣E7853,0.6,0.8,中江P7305S,0.3,0.4,,,,,,,,,,,,,,,,,,,,,
家佑色,中江P2336S,1,1.3,华荣T2832,0.5,0.6,,,,照川61055-2,4,6,,,,,,,,,,,,,,,
家福双色,中江P0199S,1,1.3,中江P7305S,0.6,0.7,,,,吉荣1834-6,4,6,,,,,,,,,,,,,,,
暖白磨砂,华荣E5115,0.9,1.2,,,,,,,锦彩8060Y-4,6,8,,,,,,,,,,,,,,,
家旺色,中江P2336S,1,1.3,中江P7305S,0.4,0.4,,,,鑫尚彩AD992-3,4,6,,,,,,,,,,,,,,,
红柚木,共成PYG4525,0.6,1,,,,,,,吉荣H16052,7,9,,,,,,,水性漆4分光,0.35,0.55,,,,,,
家禄色,中江P0075S,0.3,0.4,中江P1381S,0.3,0.4,中江P7305S,0.6,0.7,锦彩6166Y-1,2,3,照川Z61028-3,2,3,,,,,,,,,,,,
家禄升级色,中江P0077S,0.3,0.4,中江P9616S,0.3,0.4,中江P7305S,0.6,0.7,锦彩6166Y-1,2,3,鑫尚彩AD993-1,2,3,,,,,,,,,,,,
家穆色,中江P9616S,0.3,0.4,华荣T2831,0.2,0.3,,,,照川61909,2,3,,,,,,,,,,,,,,,
牛牛牛津门色,中江P0048S,0.9,1.1,,,,,,,长盛9155A,2,3,照川Z61209,5,6,,,,,,,,,,,,
天祥苑色,创基6013,0.6,0.9,,,,,,,吉荣H09167-1,6,8,,,,,,,水性漆4分光,0.35,0.55,,,,,,
曲线磨砂,中江P0077S,0.5,0.8,华荣T2831,0.2,0.3,,,,锦彩HD8135-8,4,6,,,,,,,,,,,,,,,
磨砂白,中江P9626S,1.1,1.6,,,,,,,,,,,,,,,,,,,,,,,,
峡山乐港花园色,创基B2067,0.9,1.4,,,,,,,,,,,,,,,,,,,,,,,,
细黑砂喷塑,共成PSW95210,0.6,0.9,,,,,,,,,,,,,,,,,,,,,,,,
仿紫铜,喜泽荣E3520-1,0.6,0.9,,,,,,,,,,,,,,,,典雅A08,0.6,0.8,耐黄变20度,0.3,0.5,电镀灰3#,0.3,0.5
鹅黄,创基D1025,0.9,1.4,,,,,,,,,,,,,,,,,,,,,,,,
牛气冲天转印,华荣E3521,0.6,0.9,,,,,,,长盛9236A,6,8,,,,,,,水性漆4分光,0.35,0.55,,,,,,
棕砂喷塑,中江P9109,0.9,1.4,,,,,,,,,,,,,,,,,,,,,,,,
深邃蓝,中江P9221,0.8,1.2,,,,,,,,,,,,,,,,,,,,,,,,
天圆地方色,中江EP0045,0.5,0.8,,,,,,,吉荣07145,6,8,,,,,,,水性漆4分光,0.35,0.55,,,,,,
尤哥款磨砂,共成PSW35478,0.5,0.8,,,,,,,锦彩8018Y,6,8,,,,,,,,,,,,,,,
真铜黑铜,喜泽荣E3520-1,0.6,1.1,,,,,,,,,,,,,,,,喜泽荣典雅5#,1,1.3,耐黄变20度,0.35,0.55,电镀灰,0.3,0.5
宝通陆号色,中江EP9530,0.9,1.4,,,,,,,,,,,,,,,,,,,,,,,,
灰亚光,创基BG2877,0.7,1.1,,,,,,,,,,,,,,,,,,,,,,,,
黄黑双色磨砂,中江P0077S,0.5,0.8,,,,,,,吉荣H1337-1,4,6,吉荣黑纸,2,2,,,,,,,,,,,,
墨黑转印,中江6014S,0.6,0.9,,,,,,,照川61055-2,6,8,,,,,,,水性漆4分光,0.35,0.55,,,,,,
京木双色磨砂,共成PSW35478,0.5,0.8,,,,,,,吉荣H05102-8,2,3,照川Z61209,4,6,,,,,,,,,,,,
铅灰,共成PJW28005,1,1.5,,,,,,,,,,,,,,,,,,,,,,,,
橙木磨砂,共成PSW35478,0.5,0.8,,,,,,,吉荣H11193A-27,4,6,吉荣黑纸,2,2,,,,,,,,,,,,
乌柏色,中江P0077S,0.3,0.4,华荣T2832,0.2,0.3,,,,照川62065,4,6,,,,,,,,,,,,,,,
花木磨砂,共成PSW35478,0.5,0.8,,,,,,,吉荣H11193A-27,4,6,吉荣H05102-8,2,3,,,,,,,,,,,,
红黑拼接,中江EP4100,0.6,0.9,,,,,,,吉荣H0328-37,6,8,,,,,,,水性漆4分光,0.35,0.55,,,,,,
水泥灰,中江P1009,0.9,1.1,,,,,,,,,,,,,,,,,,,,,,,,
精雕仿红铜,喜泽荣E3520-1,0.6,1.1,,,,,,,,,,,,,,,,真铜A05镀兰,1,1.3,耐黄变20度,0.35,0.55,,,
集益FD91色,华荣E3541,0.6,1.1,中江P7305S,0.2,0.3,,,,,,,,,,,,,真铜9005,1,1.3,耐黄变20度,0.35,0.55,,,
太阳神磨砂,圣联1143,0.5,0.7,华荣T2832,0.2,0.3,,,,照川61518-1,4,6,,,,,,,,,,,,,,,
尊享仿紫铜,喜泽荣E3520-1,0.6,1.1,,,,,,,,,,,,,,,,菲尔特真铜3号,1,1.3,电镀灰3号,,,耐黄变20度,0.35,0.55
乌京木磨砂,共成PSW35478,0.5,0.8,,,,,,,照川Z61209,4,6,照川Z61087,3,3,,,,,,,,,,,,
599色,共成PYG2900,0.7,0.9,中江P7305S,0.3,0.4,,,,,,,,,,,,,,,,,,,,,
尊贵红,中江4016,0.9,1.2,,,,,,,吉荣H16052,6,8,,,,,,,水性漆4分光,0.35,0.55,,,,,,
橘黄磨砂,中江1386S,0.9,1.2,,,,,,,长盛9198T-3A,6,8,,,,,,,,,,,,,,,
雪白桔纹,中江EP9215,1.4,1.9,,,,,,,,,,,,,,,,,,,,,,,,
红花梨,中江P0106S,0.7,0.9,,,,,,,照川61520-8,6,8,,,,,,,,,,,,,,,
丘比特转印,中江1021,0.5,0.9,,,,,,,吉荣H5345,6,8,,,,,,,水性漆4分光,0.35,0.55,,,,,,
梨黑喷塑,中江P9906喷塑,0.9,1.4,,,,,,,,,,,,,,,,,,,,,,,,
意大利柚木,中江EP4100,0.6,0.9 ,,,,,,,吉荣H09165-13,6,8,,,,,,,水性漆4分光,0.35,0.55,,,,,,
星辰色,华荣8181,0.5,0.8 ,,,,,,,照川Z61801,6,8,,,,,,,,,,,,,,,
苏布套色,中江EP1021,0.5,0.7 ,,,,,,,吉荣H0331-9,2,2,锦彩8003Y-2,4,6,,,,水性漆4分光,0.35,0.55,,,,,,
撒哈拉套色,中江P0077S,0.5,0.8 ,,,,,,,吉荣10181,4,6,吉荣花樟木-2,2,4,,,,,,,,,,,,
咖啡金砂,华荣T2831,0.9,1.4 ,,,,,,,,,,,,,,,,,,,,,,,,
尚品色,中江P8989S,0.6,0.9 ,,,,,,,照川Z61328-3,7,9,,,,,,,,,,,,,,,
家福整版色,中江P0199S,0.8,1.1 ,中江P7305S,0.5,0.6,,,,吉荣1834-6,4,6,,,,,,,,,,,,,,,
灰砂闪银,创基PS2927-3Y,,,,,,,,,,,,,,,,,,,,,,,,,,
YJ-1781仿铜,喜泽荣24062904,0.6,0.9 ,,,,,,,,,,,,,,,,电镀灰,0.7,1,耐黄变20度,0.33,0.55,,,
YJ-149仿铜,中江6653,0.6,0.9 ,,,,,,,,,,,,,,,,电镀蓝,0.7,1,耐黄变20度,0.33,0.55,,,
曼洛磨砂,中江P0077S,0.5,0.8 ,,,,,,,照川61020-1,6,8,,,,,,,,,,,,,,,
黑颤木色,中江P0201S,0.6,0.9 ,,,,,,,吉荣10181,6,8,,,,,,,,,,,,,,,
顶天立地磨砂,中江P0048S,0.6,0.9 ,,,,,,,长盛99905A,6,8,,,,,,,,,,,,,,,
黑丝木,中江P9153S,0.6,0.9 ,,,,,,,锦彩8201Y-2,6,8,,,,,,,,,,,,,,,
深灰喷塑,创基D2051,0.9,1.4 ,,,,,,,,,,,,,,,,,,,,,,,,
紫红喷塑,创基EP8039,0.9,1.4 ,,,,,,,,,,,,,,,,,,,,,,,,
银灰磨砂,昊润HTS8072,0.5,0.7 ,共成PSW04573,0.9,1.4,,,,吉荣1834-6,4,6,,,,,,,,,,,,,,,
黑灰喷塑,中江P2376S,0.4,0.4 ,中江P7233S,0.9,1.4,,,,,,,,,,,,,,,,,,,,,
群升高2480色,中江EP4100,0.6,0.9 ,,,,,,,吉荣H1618-5,4,6,吉荣H06121,2,2,,,,水性漆4分光,0.35,0.55,,,,,,
家旺拼色,中江P2336S,0.6,0.9 ,共成PSW95210,0.4,0.5,,,,鑫尚彩AD992-3,4,6,,,,,,,,,,,,,,,
棕黄木磨砂,中江P4359S,0.5,0.6 ,中江P0106S,0.6,0.9,,,,力源9939,4,6,,,,,,,,,,,,,,,
蓝木磨砂,中江P6284S,0.5,0.6 ,中江P0106S,0.6,0.9,,,,照川61302-5,4,6,,,,,,,,,,,,,,,
富丽红,华荣E3408,0.6,0.9 ,,,,,,,吉荣H16042,7,9,,,,,,,水性漆4分光,0.35,0.55,,,,,,
斑驳灰,圣联7120-1,0.9,1.1 ,,,,,,,照川62065-1,7,9,,,,,,,,,,,,,,,
清泰色,创基BG3766,0.6,0.9 ,,,,,,,佳泰4K9010,6,8,,,,,,,水性漆4分光,0.35,0.55,,,,,,
家凯色,中江PS32185,0.6,0.9 ,中江P7305S,0.4,0.5,,,,锦彩HD8208,4,6,,,,,,,,,,,,,,,
米白,中江EP9010,1 ,1.4 ,,,,,,,,,,,,,,,,,,,,,,,,
WH1色,中江P0077S,0.5 ,0.8 ,中江P7305S,0.2,0.3,,,,吉荣H09172,2,3,吉荣H16060-1,4,6,,,,,,,,,,,,
出类拔萃磨砂,中江P0048S,0.6 ,0.9 ,,,,,,,锦彩HD8082,6,8,,,,,,,,,,,,,,,
春花双色,共成PZW8999,1.4 ,1.9 ,共成PSW35478,0.4,0.6,,,,照川Z61067-1,4,6,,,,,,,,,,,,,,,
灰白磨砂,共成PSW28124,0.5 ,0.7 ,门架锁边中江P2322S,0.5,0.7,,,,照川61926-1,4,6,,,,,,,,,,,,,,,
家盛色,中江EP1062-7,0.7 ,0.9 ,,,,,,,,,,,,,,,,真铜A07,1,1.2,电镀银灰,0.35,0.55,耐黄变20度,0.35,0.55
JC紫磨砂,华荣E5115,0.9 ,1.2 ,,,,,,,吉荣428-黑A,6,8,,,,,,,,,,,,,,,
橡木磨砂,华荣E5115,0.9 ,1.2 ,,,,,,,吉荣H16037,6,8,,,,,,,,,,,,,,,
三五色,中江P0077S,0.5 ,0.8 ,,,,,,,吉荣H16060-1,4,6,锦彩HD8112-1,3,4,,,,,,,,,,,,
镀银铜,喜泽荣E3520-1,0.6 ,1.1 ,,,,,,,,,,,,,,,,凌灰9012,1,1.2,耐黄变20度,0.35,0.55,,,
岩纹喷塑,中江P7305S,0.5 ,0.6 ,昊润HTS8071,0.7,1.1,,,,,,,,,,,,,,,,,,,,,
黄浦色,华荣8181,0.5 ,0.8 ,,,,,,,锦彩HD8112-1,6,8,,,,,,,,,,,,,,,
家丽色,中江P7200S,0.2 ,0.2 ,中江P2322S-5,0.5,0.7,中江P7305S,0.5,0.6,,,,,,,,,,,,,,,,,,
大一方磨砂,共成PSW35478,0.5 ,0.8 ,,,,,,,照川61807-2,6,8,,,,,,,,,,,,,,,
俄罗斯磨砂,共成PSW35478,0.5 ,0.8 ,,,,,,,鑫尚彩AD970-2,6,8,,,,,,,,,,,,,,,
金凯色,中江PS1696,0.6 ,0.9 ,华荣T2831,0.4,0.5,,,,锦彩HD8158-3,7,9,,,,,,,,,,,,,,,
深中灰喷塑,中江P2322S-5,0.8 ,1.3 ,,,,,,,,,,,,,,,,,,,,,,,,
1834竖转,中江P0199S,0.8 ,1.1 ,,,,,,,吉荣1834-6,7,9,,,,,,,,,,,,,,,
家艺双色,华荣E5115,0.3 ,0.4 ,中江P2322S,0.5,0.7,,,,吉荣H16037,2,3,,,,,,,,,,,,,,,
阳光镀黄铜,喜泽荣E3520-1,0.5 ,0.8 ,,,,,,,,,,,,,,,,典雅镀黄铜,0.7,1.1,电镀灰3号,0.33,0.55,耐黄变20度,0.35,0.55
成木竖纹,昊润HTS1051,0.7 ,0.9 ,,,,,,,力源9806-2,6,8,,,,,,,,,,,,,,,
黄日磨砂,创基3559,0.7 ,0.9 ,,,,,,,锦彩4HD8052-2,4,6,锦彩4HD8055,3,4,,,,,,,,,,,,
紫铜6号,喜泽荣E3520-1,0.6 ,0.9 ,,,,,,,,,,,,,,,,真铜C06,1,1.2,电镀灰3号,0.33,0.55,耐黄变30度,0.33,0.55
真铜5号,喜泽荣E3520-1,0.6 ,0.9 ,,,,,,,,,,,,,,,,真铜C05,1,1.2,电镀镍蓝,0.33,0.55,耐黄变30度,0.33,0.55
虹尚色,中江P0048S,0.6 ,0.9 ,,,,,,,照川61711-1,7,9,,,,,,,,,,,,,,,
岩纹色,昊润HTS8085,1.4 ,1.9 ,中江P7305S,0.6,0.7,,,,照川62055-1,2,3,照川61909,2,3,,,,,,,,,,,,
珍珠灰,中江PJD62596,1.1 ,1.5 ,,,,,,,,,,,,,,,,,,,,,,,,
生中色,中江P0077S,0.5 ,0.8 ,,,,,,,锦彩HD8112-1,6,8,,,,,,,,,,,,,,,
7233,中江P7233S,0.9 ,1.4,,,,,,,,,,,,,,,,,,,,,,,,
冰凌木纹,昊润HTS8080,1.1 ,1.4,中江P7305S,0.5,0.6,,,,,,,,,,,,,,,,,,,,,
大理石纹,昊润HTS8079,0.9 ,1.1,中江P7305S,0.5,0.6,,,,吉荣H1835-1,4,6,,,,,,,,,,,,,,,
1901色,中江P0199S,1.1 ,1.4,华荣T2832,0.2,0.3,,,,吉荣H1848,4,6,,,,,,,,,,,,,,,
柠檬黄,昊润HTG3059,0.6 ,0.9 ,,,,,,,佳泰PS1411-11,6,8,,,,,,,水性漆4分光,0.33,0.55,,,,,,
绯红,创基PB6756,0.6 ,0.9 ,,,,,,,佳泰PS1411-10,6,8,,,,,,,水性漆4分光,0.33,0.55,,,,,,
紫铜喷户外粉,喜泽荣E3520-1,0.6 ,0.9 ,,,,,,,,,,,,,,,,真铜A06,1,1.2,电镀灰,0.33,0.55,耐黄变20度,0.33,0.55
白枫,创基S1198,0.9 ,1.4 ,,,,,,,,,,,,,,,,,,,,,,,,
鸿升1号色,中江EP0045,0.5 ,0.8 ,,,,,,,吉荣10181,6,8,,,,,,,水性漆4分光,0.33,0.55,,,,,,
鸿升2号色,中江1068-1,0.7 ,1.0 ,,,,,,,照川Z61229-5,6,8,,,,,,,水性漆4分光,0.33,0.55,,,,,,
鸿升3号色,中江0098-8,0.6 ,0.9 ,,,,,,,吉荣H1221-11,6,8,,,,,,,水性漆4分光,0.33,0.55,,,,,,
红柚木磨砂,昊润HTS5037,0.7 ,1.0 ,,,,,,,吉荣H16052,7,9,,,,,,,,,,,,,,,
茂名色,共成PYG18189,0.8 ,1.1 ,,,,,,,铰链边和门架吉荣H16060,5,7,锁边吉荣H2004-47,2,2,,,,水性漆4分光,0.35,0.55,,,,,,
华城色,昊润HTS3055,0.7 ,1.1 ,中江P7021S,0.2,0.3,,,,锦彩8026Y-1,4,6,,,,,,,,,,,,,,,
核桃木磨砂,中江PS0387,1.1 ,1.5 ,,,,,,,吉荣H1221-2,9,11,,,,,,,,,,,,,,,
横丝纹,华荣8181,0.5 ,0.8 ,中江P7305S,0.2,0.3,,,,佳泰4K9026-3,4,6,,,,,,,,,,,,,,,
新多1号色,中江EP3360,0.6 ,0.9 ,,,,,,,吉荣H09166,6,8,,,,,,,抗迁移60度,0.33,0.55,,,,,,
9014艺术粉,双金011009wj,0.9 ,1.2 ,,,,,,,,,,,,,,,,,,,,,,,,
新多2号色,昊润HTG7103,0.5 ,0.7 ,,,,,,,吉荣H11193A-26,6,8,,,,,,,水性漆4分光,0.33,0.55,,,,,,
真铜1号色,中江EP1062-7,0.7 ,1.2 ,,,,,,,,,,,,,,,,波诗明GB-90955,1,1.2,格力丝C-4907H,0.33,0.55,面漆GD-100F30,0.33,0.55
黄花梨转印,圣联1146,0.6 ,0.9 ,,,,,,,吉荣H11193A-27,6,8,,,,,,,水性漆4分光,0.33,0.35,,,,,,
曲柳转印,圣联1146,0.6 ,0.9 ,,,,,,,锦彩8073Y-3,6,8,,,,,,,水性漆4分光,0.33,0.35,,,,,,
匠心纹1号,昊润HTS8088,0.6 ,0.9 ,,,,,,,鑫尚彩980-10,6,8,,,,,,,,,,,,,,,
岩纹1号,昊润HTS8085,0.5 ,0.7 ,中江P7305S,0.2,0.3,,,,照川62055-1,4,6,,,,,,,,,,,,,,,
大理石纹1号,中江P0075S,0.3 ,0.4 ,中江P7305S,0.2,0.3,,,,照川61829,4,6,,,,,,,,,,,,,,,
中兰平光,昊润HTG6077,1.1 ,1.4 ,,,,,,,,,,,,,,,,,,,,,,,,
同心仿铜双色,喜泽荣E3520-1,0.5 ,0.8 ,中江P1381S,0.4,0.6,,,,锦彩HD8183-1,2,3,,,,,,,科技铜B-3,0.8,1.2,电镀灰3号,0.33,0.55,耐黄变20度,0.33,0.55
家锦拼色,中江P2402S,1.0 ,1.3 ,华荣T2831,0.2,0.3,,,,佳泰4K9037-5,4,6,照川61829,1,1,,,,,,,,,,,,
红柚高光色,昊润HTG3059,0.6 ,0.9 ,,,,,,,锦彩8001Y-1,6,8,,,,,,,菲尔特105度,0.33,0.55,,,,,,
真铜2号色,喜泽荣E3520-1,0.6 ,0.9 ,,,,,,,,,,,,,,,,喜泽荣典雅A08,0.7,1.1,电镀灰,0.33,0.55,耐黄变20度,0.33,0.55
新多3号色,昊润HTS3058,0.6 ,0.9 ,,,,,,,佳泰4K9033,6,8,,,,,,,,,,,,,,,
新多4号色,昊润HTG7109,0.5 ,0.7 ,,,,,,,欧玛9515-5,6,8,,,,,,,水性漆4分光,0.35,0.55,,,,,,
黑龟纹,创基T7027,1.9 ,2.9 ,,,,,,,,,,,,,,,,,,,,,,,,
景欣1号色,昊润HTG7108,0.9 ,1.4 ,,,,,,,,,,,,,,,,,,,,,,,,
覆塑黄,昊润HTS3066,0.9 ,1.1 ,,,,,,,照川61039-2,6.5,8,,,,,,,,,,,,,,,
新多5号色,昊润HTS8093,0.6 ,1.1 ,,,,,,,照川Z61620-2,2,2,长盛8146A,4,6,,,,,,,,,,,,
琥珀拼色,共成PSW35478,0.5 ,0.8 ,华荣T2832,0.2,0.3,,,,照川Z62011,6,8,照川Z61209,2,2,,,,,,,,,,,,
新多6号色,中江EP0045,0.5 ,0.8 ,,,,,,,吉荣9159-11,6,8,,,,,,,水性漆4分光,0.35,0.55,,,,,,
新多7号色,中江PS32412,0.8 ,1.1 ,,,,,,,锦彩8031Y,6,8,,,,,,,,,,,,,,,
凯撒2号色,华荣8181,0.5 ,0.8 ,,,,,,,照川61823,6,8,,,,,,,,,,,,,,,
HADDAD1号色,中江P4243S,0.7 ,1.1 ,,,,,,,照川61098-1,6,8,,,,,,,,,,,,,,,
家荣色,中江P2402S,1.0 ,1.3 ,中江P7305S,0.5,0.6,,,,锦彩8215-2,2,3,照川62058-3,2,3,,,,,,,,,,,,
XD-336一号色,中江P2322S,0.9 ,1.4 ,,,,,,,,,,,,,,,,,,,,,,,,
咖啡喷塑,创基7008-5,0.9 ,1.4 ,,,,,,,,,,,,,,,,,,,,,,,,
缅甸1号色,中江P7006,0.9 ,1.4 ,,,,,,,,,,,,,,,,,,,,,,,,
NNH1号色,昊润HTG7115-2,0.9 ,1.4 ,中江P7305S,0.2,0.3,,,,,,,,,,,,,,,,,,,,,
五福1号色,中江EP1021,0.5 ,0.7 ,,,,,,,吉荣0342-6,4,6,国盛0801-1,2,2,,,,水性漆4分光,0.3,0.5,,,,,,
868色,中江P2336S,0.8 ,1.2 ,中江P7305S,0.2,0.3,,,,锦彩8207Y-2,7,9,,,,,,,,,,,,,,,
白黑喷塑,中江P9626S,0.7 ,1.1 ,中江P7305S,0.2,0.3,,,,,,,,,,,,,,,,,,,,,
海纳百川1号色,昊润HTS1818,0.7 ,1.1 ,,,,,,,锦彩HD8129,6,8,,,,,,,,,,,,,,,
中江1025-2,中江1025-2,0.9 ,1.4 ,,,,,,,,,,,,,,,,,,,,,,,,
黄横纹磨砂1号色,中江P1381S,0.9 ,1.4 ,,,,,,,照川Z61028-3,6,8,,,,,,,,,,,,,,,
水泥灰转印,共成PSW04573,0.9 ,1.4 ,,,,,,,锦彩HD8183-2,7,10,,,,,,,,,,,,,,,
828色,中江2521,0.8 ,1.2 ,中江P7305S,0.5,0.6,,,,锦彩HD8210-1,4,6,,,,,,,,,,,,,,,
金意达色,中江PS1495,0.6 ,0.9 ,,,,,,,澳洋HC8210-1,6,8,,,,,,,,,,,,,,,
凯撒1号色,华荣8181,0.5 ,0.8 ,华荣T2832,0.4,0.5,,,,照川61823,4,6,,,,,,,,,,,,,,,
066色,中江PSG2520-2,0.7 ,1.1 ,中江P7305S,0.5,0.6,,,,照川62070,4,6,,,,,,,,,,,,,,,
099色,万安YJ62320,0.9 ,1.4 ,中江P2336S,0.2,0.3,中江P7305S,0.6,0.7,锦彩8207Y-2,1,1,,,,,,,,,,,,,,,
057色,兴顺PB4050-7,0.4 ,0.7 ,中江P9700,0.5,0.8,中江P7305S,0.5,0.6,,,,,,,,,,,,,,,,,,
808色,共成PSW04573,0.8 ,1.2 ,,,,,,,锦彩HD8183-2,7,10,,,,,,,,,,,,,,,
金意达1号色,合力4230,0.6 ,0.9 ,立邦0541,0.2,0.3,,,,吉荣9711-6,6,8,,,,,,,,,,,,,,,
徐雄伟1号色,中江P2292B,0.7 ,1.1 ,共成PSW3114-1,0.4,0.6,,,,吉荣8087-4,2,3,,,,,,,,,,,,,,,
碧桂园1号色,共成PYG16950,0.9 ,1.4 ,,,,,,,吉荣H16060-3,6,8,,,,,,,水性漆4分光,0.35,0.55,,,,,,
碧桂园2号色,共成纯PYG16950,0.9 ,1.4 ,,,,,,,吉荣16060-3,4,6,吉荣H2004,2,2,,,,水性漆4分光,0.35,0.55,,,,,,
李春业1号色,中江P2438B,1.4 ,1.9 ,,,,,,,,,,,,,,,,,,,,,,,,
599门框色,中江P7305S,1.0 ,1.5 ,,,,,,,,,,,,,,,,,,,,,,,,
新多8号色,共成PSW74868,1.1 ,1.6 ,,,,,,,佳泰4K9033-1,7,9,,,,,,,,,,,,,,,
缤纷花岩色,中江P0199S,0.9 ,1.4 ,中江P7305S,0.4,0.6,,,,鑫尚彩AH9920-2,2,3,吉荣H1859,2,3,,,,,,,,,,,,
YJX1号色,双金HC0011,0.9 ,1.4 ,,,,,,,锦彩HD8087,7,9,,,,,,,,,,,,,,,
LX1号色,中江PS4428,0.7 ,1.1 ,中江P9700,0.4,0.5,,,,吉荣09169,3,4,,,,,,,,,,,,,,,
LX2号色,中江P7305S,0.9 ,1.4 ,中江P9700,0.4,0.5,,,,,,,,,,,,,,,,,,,,,
闪金2号色,喜泽荣E3520-1,0.6 ,0.9 ,,,,,,,,,,,,,,,,喜泽荣典雅闪金2#,0.8,1.2,电镀灰3#,0.35,0.55,耐黄变20度,0.35,0.55
382色,喜泽荣E3520-1,0.6 ,0.9 ,,,,,,,,,,,,,,,,典雅真铜A118,0.8,1.2,电镀灰3#,0.35,0.55,耐黄变20度,0.35,0.55
火烧套色,共成PYG3114,0.5 ,0.7 ,,,,,,,中纸吉荣H0347,2,3,边纸吉荣H1618-1,4,6,,,,,,,,,,,,
檀木套色,共成PYG3114,0.5 ,0.7 ,,,,,,,中纸照川61018-1,2,3,边纸吉荣H1618-1,4,6,,,,水性漆4分光,0.35,0.55,,,,,,
858色,中江EP1062-7,0.8 ,1.1 ,,,,,,,,,,,,,,,,凌辉帝皇铜LH-79222,0.7,1.2,387电镀灰L-507A,0.35,0.55,20°户外高清金油CY-CF25,0.35,0.55
858色（外）,喜泽荣E3520-1,0.6 ,0.9 ,,,,,,,,,,,,,,,,喜泽荣B-3,1,1.5,钛晶拉丝A,0.35,0.55,耐黄变20度,0.35,0.55
新多9号色,共成PSW340889,0.9 ,1.4 ,,,,,,,佳泰4K9033-26B,6,8,,,,,,,,,,,,,,,
陈志俊1号色,中江P9059,0.9 ,1.4 ,,,,,,,锦彩8003Y-10,7,10,,,,,,,水性漆4分光,0.35,0.55,,,,,,
滨州1号色,中江P0199S,1.6 ,1.9 ,中江P7305S,0.2,0.3,,,,照川61620-2,4,6,,,,,,,,,,,,,,,
徐雄伟2号色,共成PSW4230,0.6 ,0.9 ,中江P7305S,0.2,0.3,,,,吉荣H1857,4,6,,,,,,,,,,,,,,,
富源1号色,中江P0077S,0.5 ,0.8 ,,,,,,,吉荣H07145,6,8,,,,,,,,,,,,,,,
海砂纹色,中江P0199S,1.1 ,1.4 ,中江P7305S,0.2,0.3,,,,鑫尚彩AH9920-2,4,6,,,,,,,,,,,,,,,
古樟木,创BG3577,0.6 ,0.9 ,,,,,,,佳泰PS1673,6,8,,,,,,,水性漆4分光,0.35,0.55,,,,,,
热月套色,共成PYG3114,0.5 ,0.7 ,,,,,,,边纸吉荣1857-1,4,6,中纸欧玛8100,2,3,,,,水性漆4分光,0.35,0.55,,,,,,
雾月磨砂,中江P0077S,0.5 ,0.8 ,,,,,,,锦彩8062-1,6,8,,,,,,,,,,,,,,,
亚历山大磨砂,中江P0077S,0.5 ,0.8 ,,,,,,,吉荣H0455,6,8,,,,,,,,,,,,,,,
路易磨砂,中江P0077S,0.5 ,0.8 ,,,,,,,照川62012-1,6,8,,,,,,,,,,,,,,,
家锦升级色,中江P2402S,1.0 ,1.2 ,中江P7305S,0.4,0.5,,,,佳泰4K9037-5,4,6,,,,,,,,,,,,,,,
莎比利色,共成PSW3470,0.6 ,0.9 ,,,,,,,吉荣H80153,4,6,,,,,,,,,,,,,,,
枫木转印,共成PYG3114,0.5 ,0.7 ,,,,,,,吉荣H05102-8,6,8,,,,,,,水性漆4分光,0.35,0.55,,,,,,
凯撒白磨砂,华荣E5115,0.9 ,1.2 ,,,,,,,照川61823,6,8,,,,,,,,,,,,,,,
意大利磨砂,共成PSW340195-1,0.5 ,0.7 ,华荣T2832,0.2,0.3,,,,照川Z62011,4,6,黑纸,2,2,,,,,,,,,,,,
芬兰磨砂,共成PSW4135B,0.7 ,1.1 ,华荣T2831,0.2,0.3,,,,照川61923-1,4,6,,,,,,,,,,,,,,,
李春业2号色,喜泽荣E3520-1,0.6 ,0.9 ,,,,,,,,,,,,,,,,真铜A07,0.8,1.2,电镀灰3#,0.35,0.55,耐黄变20度,0.35,0.55
959色,圣联7905ZQ10PC,0.7 ,1.1 ,,,,,,,,,,,,,,,,,,,,,,,,
798仿铜色,中江EP1062-7,1.0 ,1.2 ,,,,,,,,,,,,,,,,波诗明GD-90961,1,1.2,格力丝C-4907H,0.35,0.55,面漆GD-100F30,0.35,0.55
坦克300,圣联7010PC,0.3 ,0.4 ,圣联8188,0.6,0.8,,,,照川61711-2,4,6,,,,,,,,,,,,,,,
李春业3号色,中江PS4356,0.6 ,1.1 ,,,,,,,吉荣H16030,6,8,,,,,,,,,,,,,,,
坦克600,圣联7000-ZQ10PC,1.0 ,1.5 ,,,,,,,,,,,,,,,,,,,,,,,,
LX3号色,共成PSW35472,0.7 ,0.9 ,,,,,,,吉荣H16033,6,8,,,,,,,,,,,,,,,
YJX2号色,共成PLG21925,0.6 ,0.9 ,中江PJ2568,0.2,0.3,,,,佳泰4K9033-23,4,6,,,,,,,水性漆4分光,0.3,0.5,华荣YJ2568灰金,0.2,0.2,,,
库里1号色,共成PSW4230,0.6 ,0.9 ,华荣T2832,0.2,0.3,中间喷中江P7305S,0.1,0.1,吉荣H1857,4,6,,,,,,,,,,,,,,,
锦绣山河色,兴顺60560,1.2 ,1.7 ,,,,,,,,,,,,,,,,,,,,,,,,
非洲木磨砂,圣联7169,0.6 ,0.9 ,中江P7305S,0.2,0.3,,,,照川61219-8,6,8,黑纸,1,1,,,,,,,,,,,,
匈牙利磨砂,共成纯PSW25075,0.9 ,1.4 ,,,,,,,照川61369-2,6,8,,,,,,,,,,,,,,,
陈飞1号色,中江9649,0.9 ,1.4 ,,,,,,,,,,,,,,,,,,,,,,,,
米兰色,中江PS2600,0.9 ,1.3 ,,,,,,,,,,,,,,,,,,,,,,,,
深灰闪银,共成PSW9505,0.8 ,1.2 ,,,,,,,,,,,,,,,,,,,,,,,,
LX喷塑,中江EP1028,0.9 ,1.4 ,,,,,,,,,,,,,,,,,,,,,,,,
YJX3号色,中江P2631,0.9 ,1.4 ,,,,,,,,,,,,,,,,,,,,,,,,
LJT1号色,中江PS0327,0.8 ,1.1 ,,,,,,,吉荣10187-1,7,10,,,,,,,,,,,,,,,
墨彩色,共成PYG2900,1.0 ,1.5 ,,,,,,,,,,,,,,,,,,,,,,,,
墨艺色,中江PJS62590,1.0 ,1.5 ,,,,,,,,,,,,,,,,,,,,,,,,
紫金阳光色,中江PJD62575,1.0 ,1.5 ,,,,,,,,,,,,,,,,,,,,,,,,
一枝独秀色,中江PJS62591,0.7 ,0.9 ,中江P9700,0.7,0.9,,,,,,,,,,,,,,,,,,,,,
新多10号色,中江P0199S,1.2 ,1.7 ,,,,,,,吉荣1834-6,7,10,,,,,,,,,,,,,,,
喷塑鼎力色,共成PSW14041,0.9 ,1.4 ,,,,,,,,,,,,,,,,,,,,,,,,
荣耀色,圣联8188,0.9 ,1.3 ,,,,,,,照川61219-8,7,10,,,,,,,,,,,,,,,
棕黑木纹,中江P0077S,0.5 ,0.8 ,,,,,,,吉荣H0581,6,8,,,,,,,,,,,,,,,
智慧一号色,共成PZW8999,1.2 ,1.7 ,中江PS9626,0.5,0.6,,,,,,,,,,,,,,,,,,,,,
媚茶拼色,共成25110,0.6 ,0.9 ,共成25115,0.2,0.3,,,,照川61711-2,6,8,,,,,,,,,,,,,,,
LX4号色,中江P0199S,0.9 ,1.4 ,华荣T2832,0.2,0.3,,,,吉荣H1848,4,6,吉荣1834,1,1,,,,,,,,,,,,
粗黑喷塑,喜泽荣T6205,0.9 ,1.4 ,,,,,,,,,,,,,,,,,,,,,,,,
红枫转印,华荣E3408,0.5 ,0.8 ,,,,,,,吉荣H05102-8,6,8,,,,,,,水性漆4分光,0.3,0.5,,,,,,
LJT2号色,共成PSW0,0.5 ,0.8 ,中江P7305S,0.4,0.5,,,,锦彩HD8181-7,3,5,吉荣H1837,1,1,,,,,,,,,,,,
李春业4号色,华荣E7853,1.1 ,1.6 ,,,,,,,,,,,,,,,,,,,,,,,,
巧克力喷塑,共成PSW74779,0.7 ,1.1 ,,,,,,,,,,,,,,,,,,,,,,,,
太空灰氟碳漆,喜泽荣22051302,0.9 ,1.4 ,,,,,,,,,,,,,,,,太空银灰YJ（6-1237）,0.8,1.2,,,,,,
家鑫色,中江P7305S,0.7 ,1.2 ,,,,,,,,,,,,,,,,喜泽荣典雅A08,0.15,0.2,电镀灰3#,0.1,0.12,耐黄变20度,0.1,0.12
墨黑磨砂,中江6014S,0.7 ,0.9 ,,,,,,,旭腾DY1021-19,6,8,,,,,,,,,,,,,,,
新多11号色,共成PYG76500,0.5 ,0.7 ,,,,,,,吉荣3168-1,7,9,,,,,,,水性漆4分光,0.45,0.55,,,,,,
新多12号色,共成PSW27105,0.8 ,1.1 ,,,,,,,照川61700-3,7,9,,,,,,,,,,,,,,,
新多13号色,共成PSW74868,0.9 ,1.1 ,喜泽荣3D闪银砂,0.1,0.1,,,,吉荣H2004-30,5,7,,,,,,,,,,,,,,,
苍灰喷塑,中江PD62579,0.9 ,1.4 ,,,,,,,,,,,,,,,,,,,,,,,,
新多14号色,共成PYG36630,1.1 ,1.4 ,,,,,,,锦彩8112,3,4,欧玛9034,4,5,,,,水性漆4分光,0.35,0.55,,,,,,
米白喷塑,PYG06110,0.8 ,1.2 ,,,,,,,,,,,,,,,,,,,,,,,,
海蓝喷塑,共成PYG5690,0.5 ,0.9 ,中江P7305S,0.2,0.3,,,,,,,,,,,,,,,,,,,,,
家顺1号色,喜泽荣E3520-1,0.5 ,0.8 ,,,,,,,,,,,,,,,,6D磨砂银灰,1.15,1.35,,,,,,
妃斯色,共成PYG2900,0.7 ,1.1 ,,,,,,,,,,,,,,,,,,,,,,,,
LX5号色,华荣E35411,0.7 ,1.1 ,,,,,,,,,,,,,,,,3-7655YJ典雅铜6#,0.7,1,YJ电镀拉丝漆,0.3,0.5,亚克力金油15度,0.3,0.5
新多15号色,共成PSW75020,0.9 ,1.1 ,,,,,,,佳泰4K9015-3,7,9,,,,,,,,,,,,,,,
紫蓝喷塑,门面共成PSW5580,0.5 ,0.7 ,中江P7305S,0.2,0.3,,,,,,,,,,,,,,,,,,,,,
高光核桃木,华荣E3408,0.5 ,0.8 ,,,,,,,吉荣H1221-2,6,8,,,,,,,水性漆9分光,0.37,0.55,,,,,,
新多16号色,共成PSW75030,0.9 ,1.4 ,,,,,,,长盛719-7A,7,9,,,,,,,,,,,,,,,
久久1号色,中江P0077S,0.5 ,0.8 ,,,,,,,吉荣06136,4,6,黑纸,1,1,,,,,,,,,,,,
石墨灰喷塑,中江P7305S,0.9 ,1.1 ,,,,,,,,,,,,,,,,3D闪银灰,0.2,0.3,,,,,,
藤黄拼色磨砂,共成PSW36555,0.5 ,0.7 ,中江P7305S,0.3,0.4,,,,锦彩HD8158-3,4,6,,,,,,,,,,,,,,,
永胜黄砂纹色,共成PSW35425,0.6 ,0.9 ,,,,,,,吉荣H1008-2,6,8,,,,,,,,,,,,,,,
金厦喷塑色,中江P7202S,0.7 ,1.1 ,,,,,,,,,,,,,,,,,,,,,,,,
鸿森1号色,共成PYG76610,0.7 ,1.1 ,,,,,,,锦彩HD8183-2,4,6,锦彩HD8232,2,2,,,,,,,,,,,,
橡木灰,圣联7168,0.6 ,0.9 ,中江P7305S,0.2,0.3,,,,照川61711-2,4,6,,,,,,,,,,,,,,,
极地灰,中江PBJ62611-2,0.7 ,1.0 ,中江P7305S,0.4,0.5,,,,,,,,,,,,,,,,,,,,,
世纪豪都色,共成LG11,0.6 ,0.9 ,,,,,,,吉荣H0593-1,6,8,,,,,,,,,,,,,,,
烟熏胡桃木,圣联7019-2,0.7 ,1.2 ,圣联7315-2,0.2,0.2,中江P7305S,0.4,0.5,照川62053,4,6,照川61711-2,2,2,,,,,,,,,,,,
橘红转印,共成LG1131-1,0.5 ,0.8 ,,,,,,,吉荣H1451-1,6,8,,,,,,,水性漆4分光,0.3,0.5,,,,,,
库里2号色,共成PSW36555,0.5 ,0.7 ,中江P7305S,0.3,0.4,,,,锦彩HD8158-3,4,6,,,,,,,,,,,,,,,
墨石绿,兴顺PSJ80051,0.7 ,1.1 ,中江P7305S,0.4,0.5,,,,,,,,,,,,,,,,,,,,,
藤黄磨砂,共成PSW36555,0.6 ,0.9 ,,,,,,,锦彩HD8158-3,6,8,,,,,,,,,,,,,,,
金咖色,中江PBJ64006,0.7 ,1.0 ,中江P7305S,0.4,0.5,,,,,,,,,,,,,,,,,,,,,
特斯拉色,门面圣联7315-2,0.6 ,0.8 ,中江P7305S,0.4,0.5,,,,鑫尚彩AD9933-1横,5,7,,,,,,,,,,,,,,,
帝菲尼闪粉色,中江P0199S,0.6 ,0.9 ,中江P7305S,0.4,0.5,,,,铰链边吉荣1834-6,3,5,锁边吉荣1837,2,2,,,,,,,,,,,,
祥云色,圣联7168,0.6 ,0.9 ,圣联7905ZQ10PC,0.4,0.5,,,,照川61711-2,4,6,,,,,,,,,,,,,,,
日月生辉色,中江P7305S,0.4 ,0.5 ,圣联61530,0.7,0.9 ,,,,,,,,,,,,,,,,,,,,,
金世佳色,圣联7315-2,0.6 ,0.8 ,圣联7010PC,0.5,0.6,,,,照川61711-2,4,6,,,,,,,,,,,,,,,
坎儿井色,圣联7905ZQ10PC,0.8 ,1.1 ,兴顺PBJ60995,0.3,0.3,,,,,,,,,,,,,,,,,,,,,
海棠红转印,共成11340,0.8 ,1.1 ,,,,,,,国盛1021-22,6,8,,,,,,,水性漆4分光,0.3,0.5,,,,,,
金士顿色,中江PBJ62617,0.6 ,0.8 ,中江PBJ62615,0.4,0.5,,,,,,,,,,,,,,,,,,,,,
帝菲尼高光核木色,共成36775,0.5 ,0.8 ,,,,,,,照川61560-2,6,8,,,,,,,水性漆9分光,0.37,0.55,,,,,,
帝菲尼黄棕磨砂,共成PSW319,0.6 ,0.9 ,,,,,,,照川61700,6,8,,,,,,,,,,,,,,,
帝菲尼高光红拼色,共成LG11553,0.5 ,0.8 ,,,,,,,佳泰1042,5,7,吉荣H07144-1,2,2,,,,水性漆9分光,0.37,0.55,,,,,,
帝菲尼红枫磨砂,共成PSW319,0.5 ,0.8 ,,,,,,,力源3012,6,8,,,,,,,,,,,,,,,
帝菲尼红泥磨砂,共成PSW319,0.5 ,0.8 ,,,,,,,吉荣10187-8,6,8,,,,,,,,,,,,,,,
帝菲尼高光红檀色,共成LG11553,0.5 ,0.8 ,,,,,,,锦彩8118-4,6,8,,,,,,,水性漆9分光,0.37,0.55,,,,,,
迪奥色,圣联F8097PC,0.6 ,0.9 ,中江P7305S,0.4,0.5,,,,,,,,,,,,,,,,,,,,,
斯诺克色,中江EP1062-7,0.8 ,1.0 ,,,,,,,,,,,,,,,,波诗明GB-90993,1,1.2,格力丝C-3307,0.35,0.55,面漆GD-100F30,0.35,0.55
火焰山色,共成PXS27420,0.7 ,1.1 ,共成PSW23196,0.4,0.5,,,,,,,,,,,,,,,,,,,,,
新米兰色,共成27428,0.7 ,1.0 ,中江P7305S,0.4,0.5,,,,,,,,,,,,,,,,,,,,,
新五丰门套色,中江1021-8,0.5 ,0.8 ,,,,,,,旭腾1083-2,6,8,中间黑纸,1,1,,,,,,,,,,,,
奥斯汀色,圣联7277PC,0.6 ,0.9 ,中江P7305S,0.4,0.5,,,,,,,,,,,,,,,,,,,,,
奥罗兰色,圣联5188,0.6 ,0.9 ,,,,中江P7305S,0.4,0.5,照川62065-1,2,3,,,,,,,,,,,,,,,
荣光色,圣联7315-2,0.6 ,0.8 ,圣联7010PC,0.4,0.5,,,,照川61711-2,4,6,,,,,,,,,,,,,,,
帝菲尼横纹磨砂拼色,门面共成PSW27480,0.9 ,1.2 ,门架共成PSW95215,0.3,0.4,,,,照川63129,4,6,,,,,,,,,,,,,,,
帝菲尼斜纹灰喷塑,门面共成PWG30125,0.5 ,0.7 ,门架共成PWG30120,0.3,0.4,,,,,,,,,,,,,,,,,,,,,
筑青色,圣联7487ZM10PC,0.9 ,1.2 ,,,,,,,,,,,,,,,,,,,,,,,,
筑鑫色,中江PJD62725,0.9 ,1.2 ,,,,,,,,,,,,,,,,,,,,,,,,
荣旺色,圣联7277PC,0.9 ,1.2 ,,,,,,,,,,,,,,,,,,,,,,,,
红檀转印,共成LG11553,0.5 ,0.8 ,,,,,,,锦彩8118-4,6,8,,,,,,,水性漆4分光,0.3,0.5,,,,,,
帝靛蓝,兴顺PBJ70202,0.8 ,1.3 ,,,,,,,,,,,,,,,,,,,,,,,,
富源2号色,共成PSW75270,0.5 ,0.8 ,,,,,,,吉荣6470-1,6,8,,,,,,,,,,,,,,,
奥斯卡色,圣联7277-3,0.9 ,1.2 ,,,,,,,,,,,,,,,,,,,,,,,,
王者荣耀色,门面简彩PBK6103,0.6 ,0.8 ,门架简彩PBGK4547,0.4,0.5,,,,,,,,,,,,,,,,,,,,,
黑胡桃工程,创B6013,0.5 ,0.8 ,,,,,,,国盛1021-22,6,8,,,,,,,水性漆4分光,0.35,0.55,,,,,,
珠光灰,门面圣联7905ZQ10PC,0.6 ,0.8 ,中江P7305S,0.3,0.4,,,,,,,,,,,,,,,,,,,,,
肌肤兰灰,中江PJD66339-4,1.0 ,1.3 ,,,,,,,,,,,,,,,,,,,,,,,,
LX金砖色,门面中江PS4585,0.7 ,0.9 ,门架共成PSW27442,0.4,0.5,,,,,,,,,,,,,,,,,,,,,
波兰竖纹拼色,门面华荣22083102,0.5 ,0.8 ,门架喜泽荣波兰闪砂,0.3,0.4,,,,门面鑫尚彩AD9930-3,4,6,,,,,,,,,,,,,,,
筑青色（外）, 喜泽荣23071304,0.6 ,1.0 ,,,,,,,,,,,,,,,,,,,,,,,,
周彬色,前板和门框圣联7277,0.6 ,0.9 ,后板和小门小框华荣E5115,0.6,0.8,,,,,,,,,,,,,,,,,,,,,
咖棕竖纹色,共成PSW4230,0.7 ,1.1 ,,,,,,,吉荣H1889,6,8,,,,,,,,,,,,,,,
睿羽暗红喷塑,共成PLG11565,0.6 ,0.9 ,,,,,,,,,,,,,,,,,,,,,,,,
LX7号色,共成35767,0.6 ,0.9 ,,,,,,,吉荣H1827-2,6,8,,,,,,,,,,,,,,,
新多17号色,前锁边万安CPJ62826,0.2 ,0.2 ,前铰链边万安63441,0.4,0.6,门架后板万安CPJ62839S,0.8,1,,,,,,,,,,,,,,,,,,
李春业6号色,门面共成PSW4230,0.5 ,0.8 ,门架喜泽荣波兰闪砂,0.3,0.4,,,,吉荣H1862,4,6,,,,,,,,,,,,,,,
鸦青色,门面喜泽荣E7853石墨灰,0.6 ,0.8 ,门架喜泽荣波兰闪砂,0.3,0.4,,,,,,,,,,,,,,,,,,,,,
新多18号色,共成PYG76285,0.8 ,1.2 ,,,,,,,吉荣0328-9,12,16,,,,,,,水性漆4分光,0.4,0.65,,,,,,
筑城色,圣联61448PC,1.0 ,1.3 ,,,,,,,,,,,,,,,,,,,,,,,,
筑辉色,门面中江PJD64013,0.7 ,1.0 ,中江P7305S,0.4,0.5,,,,,,,,,,,,,,,,,,,,,
筑锦色,兴顺PBJ61260-1,0.8 ,1.2 ,,,,,,,,,,,,,,,,,,,,,,,,
金士顿色,门面中江PBJ62617,0.9 ,1.2 ,门架中江PBJ62615,0.5,0.6,,,,,,,,,,,,,,,,,,,,,
筑彩色,门面圣联60-2,0.7 ,1.2 ,中江P7305S,0.4,0.5,,,,照川61061-9,5,7,,,,,,,,,,,,,,,
筑川色,门面门框圣联61489,1.0 ,1.3 ,,,,,,,,,,,,,,,,,,,,,,,,
SAIF转印色,共成PLG-11572,0.6 ,0.9 ,,,,,,,吉荣H10182-1,4,6,,,,,,,水性漆4分光,0.35,0.55,,,,,,
帝菲尼黄铜,门面喜泽荣E3520-1,0.5 ,0.8 ,门架喜泽荣氟碳黑哑光19042201,0.2,0.3,,,,,,,,,,,,,喜泽荣典雅3#2-8499,0.6,0.8,原铜拉丝黑3-7077,0.3,0.5,耐黄变20度2-2220,0.3,0.5
茂华色,门面门框共成PSW08,0.7 ,1.1 ,,,,,,,,,,,,,,,,,,,,,,,,
宙斯磨砂1号色,华荣E5115,0.5 ,0.7 ,中江P7305S,0.2,0.3,,,,照川61523,4,6,,,,,,,,,,,,,,,
逸品双色,共成PSW75362,0.7 ,1.0 ,,,,,,,铰链边力源L9924-1,5,7,锁边和门架佳泰4K9033-9,2,2,,,,,,,,,,,,
银河色,圣联84660,0.8 ,1.3 ,门架中江62656,0.5,0.6,,,,,,,,,,,,,,,,,,,,,
星际色,中江PJD62673,0.9 ,1.4 ,,,,,,,,,,,,,,,,,,,,,,,,
外贸工程1号色,共成PSW35670,0.6 ,0.9 ,,,,,,,锦彩HD8176Y-7,6,8,,,,,,,,,,,,,,,
外贸工程2号色,共成PSW35725,0.6 ,0.9 ,,,,,,,锦彩HD8176Y-7,6,8,,,,,,,,,,,,,,,
真铜3号色,中江EP1062-7,1.0 ,1.2 ,,,,,,,,,,,,,,,,波诗明GD-90941,1,1.2,格力丝C-490H,0.35,0.55,面漆C-100F30,0.35,0.55
雄库鲁黄铜,喜泽荣E3520-1,0.7 ,1.1 ,,,,,,,,,,,,,,,,喜泽荣典雅3#2-8499,0.8,1.2,原铜拉丝黑3-7077,0.35,0.55,耐黄变20度2-2220,0.35,0.55
日月同辉色,万鼎8418B,1.8 ,2.3 ,,,,,,,,,,,,,,,,,,,,,,,,
K拼色,共成PSW3114-1新3,0.6 ,0.9 ,,,,,,,铰链边吉荣H09165-1,6,8,锁边吉荣1834-6,2,2,,,,,,,,,,,,
陶灰色,共成PSW95245,0.7 ,1.1 ,,,,,,,,,,,,,,,,,,,,,,,,
法兰克色,门面圣联7277ZM10PC,0.6 ,0.9 ,门架铝条兴顺PBJ60278-6,0.5,0.6,,,,,,,,,,,,,,,,,,,,,
黄杉木色,共成PSW35915,0.7 ,1.1 ,,,,,,,佳泰PS2004-30,6,8,,,,,,,,,,,,,,,
星耀灰,门面共成PSW27686,0.5 ,0.8 ,门架中江P7305S,0.2,0.3,,,,鑫尚彩AH-980-10,4,6,,,,,,,,,,,,,,,
帝菲尼亚麻纹喷塑色,门面门架共成PWG30364,0.7 ,1.1 ,,,,,,,,,,,,,,,,,,,,,,,,
燕加隆喷塑白色,景盛2011,0.7 ,1.1 ,,,,,,,,,,,,,,,,,,,,,,,,
新多19号色,共成PSW75430,0.9 ,1.4 ,,,,,,,佳泰4K9023-6,7,9,,,,,,,,,,,,,,,
悦年华色,共成PSW35949,0.7 ,1.1 ,,,,,,,锦彩HD8206-1,6,8,,,,,,,,,,,,,,,
可林奇色,共成PSW28021,0.5 ,0.8 ,门架中江P7305S,0.2,0.3,,,,照川61711-2,4,6,,,,,,,,,,,,,,,
铂金灰,圣联61387PC,1.0 ,1.3 ,,,,,,,,,,,,,,,,,,,,,,,,
福特色,兴顺9355,0.7 ,1.2 ,圣联7010PC,0.4,0.5,,,,力源102-2,7,10,,,,,,,,,,,,,,,
墨辰灰色,改喜泽荣23030204BD,0.7 ,1.2 ,,,,,,,,,,,,,,,,,,,,,,,,
百合兰庭色,共成PSW1475,0.7 ,1.1 ,,,,,,,吉荣H08153-1,6,8,,,,,,,,,,,,,,,
真铜6号色,喜泽荣E3520-1,0.5 ,0.8 ,,,,,,,,,,,,,,,,喜泽荣典雅5#,0.7,1.1,电镀灰,0.33,0.55,耐黄变20度,0.33,0.55
一心一意色,门面圣联60-1,0.6 ,0.9 ,门架中江P7305S,0.4,0.5,,,,照川61237-2,5,7,,,,,,,,,,,,,,,
江南韵色,立邦80161,0.7 ,1.0 ,门架中江PJD67385,0.4,0.5,,,,锦彩8218-1,5,7,,,,,,,,,,,,,,,
T88色,合润PHS1636,0.7 ,1.1 ,门架共成PYG30063,0.4,0.5,,,,力源D4090,5,7,,,,,,,,,,,,,,,
SNX1号色,门框和锁边合力PC8045,0.6 ,0.7 ,铰链边合力P0189-1,0.7,1,,,,鑫彩鸿XCH9069,5,7,,,,,,,,,,,,,,,
筑高色,万鼎8418B,0.9 ,1.2 ,中江P7305S,0.4,0.5,,,,,,,,,,,,,,,,,,,,,
张掖色,中江PS0387,0.7 ,1.1 ,,,,,,,照川61303-2,6,8,,,,,,,,,,,,,,,
T909色,圣联70-2PC,0.9 ,1.3 ,,,,,,,,,,,,,,,,,,,,,,,,
星方色,圣联1818,0.9 ,1.3 ,,,,,,,照川61562-5,7,10,,,,,,,水性漆4分光,0.35,0.55,,,,,,
筑悦色,中江62709-2,0.9 ,1.3 ,,,,,,,,,,,,,,,,,,,,,,,,
新多20号色,喜泽荣23051804,0.7 ,1.1 ,,,,,,,吉荣H0346-17,6,8,,,,,,,,,,,,,,,
合家欢乐色,圣联61449PC,1.0 ,1.5 ,,,,,,,,,,,,,,,,,,,,,,,,
如梦双色,中江0199,0.8 ,1.2 ,中江PS27015,0.5,0.7,,,,吉荣1834-6,7,10,,,,,,,,,,,,,,,
典雅1号,喜泽荣E3520-1,0.6 ,0.9 ,,,,,,,,,,,,,,,,喜泽荣典雅WL真铜1#,0.48,0.68,3-7648电镀灰3#,0.25,0.3,耐黄变20度,0.33,0.55
典雅镀黄铜,喜泽荣E3520-1,0.6 ,0.9 ,,,,,,,,,,,,,,,,喜泽荣2-8860典雅电镀黄铜2#,0.48,0.68,3-7652电镀灰,0.25,0.3,耐黄变20度,0.33,0.55
典雅土豪金,喜泽荣E3520-1,0.6 ,0.9 ,,,,,,,,,,,,,,,,喜泽荣2-8644典雅乱丝土豪金,0.48,0.68,3-7648电镀灰3#,0.25,0.3,耐黄变20度,0.33,0.55
朗尊色,圣联H8420,0.9 ,1.3 ,,,,,,,,,,,,,,,,,,,,,,,,
朗庭色,圣联7606,0.9 ,1.3 ,,,,,,,,,,,,,,,,,,,,,,,,
郎朗色,门面圣联60-2,0.6 ,0.9 ,门架铝条圣联70-4PC,0.5,0.6,,,,照川63108-6,5,8,,,,,,,,,,,,,,,
文体二期色,共成PSW05054,0.7 ,1.1 ,,,,,,,佳泰4K9060,6,8,,,,,,,,,,,,,,,
朗升色,门面圣联61409PC,0.7 ,1.0 ,门架圣联61448PC,0.5,0.6,,,,,,,,,,,,,,,,,,,,,
朗悦色,门面圣联61455PC,0.7 ,1.0 ,中江PJD62707,0.5,0.6,,,,,,,,,,,,,,,,,,,,,
朗格色,门面圣联7584,0.7 ,1.0 ,门架中江P7305S,0.4,0.5,,,,门面照川61237-2,5,8,,,,,,,,,,,,,,,
郎韵色,门面圣联7269,1.0 ,1.4 ,门架圣联70-2PC,0.5,0.6,,,,门面照川61711-2,8,12,,,,,,,,,,,,,,,
人才公寓色,共成PSW05052,0.8 ,1.2 ,,,,,,,佳泰4K9061,6,8,,,,,,,,,,,,,,,
3520仿铜,喜泽荣24062904,0.6 ,0.8 ,,,,,,,,,,,,,,,,,,,喜泽荣电镀灰3#,0.25,0.3,耐黄变20度,0.33,0.55
3508仿铜,喜泽荣3508,0.6 ,0.8 ,,,,,,,,,,,,,,,,,,,喜泽荣电镀灰3#,0.25,0.3,耐黄变20度,0.33,0.55
雄库鲁V仿铜双色,中江EP1062-7,0.6 ,0.9 ,,,,,,,,,,,,,,,,波诗明B-622,0.8,1.2,格力丝V-4909H,0.35,0.55,波诗明30度,0.33,0.55
朗顺色,门面圣联7558-2,0.7 ,1.0 ,门架圣联70-2PC,0.5,0.6,,,,,,,,,,,,,,,,,,,,,
也门ALI蓝色喷塑,门面喜泽荣PTC90037,0.7 ,1.0 ,门架中江P7305S,0.2,0.3,,,,,,,,,,,,,,,,,,,,,
东元一号色,圣联8161,0.7 ,1.1 ,门架中江P7305S,0.4,0.5,,,,照川62018-1,7,10,,,,,,,,,,,,,,,
创基B6016-1,创基B6016-1户外,0.8 ,1.2 ,,,,,,,,,,,,,,,,,,,,,,,,
地中海喷塑,门架和门面铰链边共成PSW28325,0.7 ,1.0 ,门面锁边共成PSW95210,0.2,0.2,,,,,,,,,,,,,,,,,,,,,
人才东区色,门面圣联8188-2,0.6 ,0.9 ,门架共成PYG97080,0.2,0.3,,,,照川63108-7,4,6,,,,,,,,,,,,,,,
叙利亚磨砂,华荣23103101,0.6 ,0.9 ,中江P7305S,0.2,0.3,,,,照川61237-2,4,6,,,,,,,,,,,,,,,
花海磨砂,共成PSW18060,0.6 ,0.8 ,中江P7305S,0.2,0.3,,,,照川62017-1,4,6,,,,,,,,,,,,,,,
燕加隆铝条门转印色,共成PSW36359,0.7 ,1.0 ,,,,,,,旭腾XT8070-3,6,8,,,,,,,,,,,,,,,
T66色,中江PJD62707,0.9 ,1.3 ,,,,,,,,,,,,,,,,,,,,,,,,
木纹沙,共成PSW36139,0.8 ,1.2 ,,,,,,,锦彩HD8128,6,8,,,,,,,,,,,,,,,
瓯润色,中江69001,0.9 ,1.2 ,,,,,,,,,,,,,,,,,,,,,,,,
TX-901色,中江62705,1.0 ,1.3 ,,,,,,,,,,,,,,,,,,,,,,,,
瓯韵色,锁边圣联7599,0.3 ,0.3 ,合页和后板圣联61434PC,0.8,1,门架圣联7905PC,0.4,0.5,锁边照川65005-1,2,2,,,,,,,,,,,,,,,
瓯悦色,锁边兴顺PCBJ20630-1,0.3 ,0.3 ,合页边后板门框圣联7507-2PC,1.2,1.5,,,,,,,,,,,,,,,,,,,,,
瓯宏色,门面圣联7200PC,1.0 ,1.3 ,门框中江P7305S,0.4,0.5,,,,,,,,,,,,,,,,,,,,,
瓯皇色,合页边后板圣联7584,1.0 ,1.3 ,圣联76570PC,0.5,0.6,,,,合页边后板照川61237-2,5,7,,,,,,,,,,,,,,,
瓯祥色,门面封板圣联61409PC,1.1 ,1.4 ,门架中江P7305S,0.4,0.5,,,,,,,,,,,,,,,,,,,,,
瓯锦色,门面封板拉手圣联61455PC,1.1 ,1.4 ,门架圣联7905PC,0.4,0.5,,,,,,,,,,,,,,,,,,,,,
瓯凡色,门面门框圣联67609,1.3 ,1.6 ,,,,,,,,,,,,,,,,,,,,,,,,
瓯鼎色,共成PBYG201316,1.0 ,1.5 ,,,,,,,,,,,,,,,,,,,,,,,,
瓯鹭色,门扇圣联61597-2,1.0 ,1.3 ,门扇型材和门框中江62709,0.5,0.6,,,,,,,,,,,,,,,,,,,,,
燕加隆桔红哑光,共成YG18072,0.6 ,0.9 ,,,,,,,吉荣H09165,6,8,,,,,,,水性漆4分光,0.35,0.55,,,,,,
燕加隆棕红磨砂,共成PSW14262,0.6 ,0.9 ,,,,,,,吉荣H5008-1,6,8,,,,,,,,,,,,,,,
燕加隆小鱼形套色,共成LG1131-1,0.6 ,0.9 ,,,,,,,边纸和门框纸吉荣H0187-8,6,8,中间靠锁边吉荣H06125,2,2,中间靠铰链边吉荣H1821,2,2,,,,,,,,,
lg6810色,共成PSW28658,0.6 ,0.9 ,,,,,,,佳泰4K9056-2,6,8,,,,,,,,,,,,,,,
印度M磨砂,共成PSW74852,0.6 ,0.9 ,,,,,,,吉荣H1827-1,6,8,,,,,,,,,,,,,,,
金属灰闪光,共成PSW28794,1.0 ,1.5 ,,,,,,,,,,,,,,,,,,,,,,,,
也门拼色,锁边共成PSW05102,0.3 ,0.3 ,铰链边共成PSW4230,0.4,0.6,门架中江P7305S,0.2,0.3,铰链边吉荣H1891-1,4,6,,,,,,,,,,,,,,,
共成PSW28206,共成PSW28206,1.0 ,1.4 ,,,,,,,,,,,,,,,,,,,,,,,,
纯P石墨灰闪光,共成PYG28853,1.0 ,1.4 ,,,,,,,,,,,,,,,,,,,,,,,,
深咖色,共成PSW77379,0.8 ,1.4 ,,,,,,,锦彩HD8221Y-2,6,8,,,,,,,,,,,,,,,
雅秀色,圣联61597-2,1.3 ,1.6 ,,,,,,,,,,,,,,,,,,,,,,,,
雅誉色,圣联G500F08远山黛,1.3 ,1.6 ,,,,,,,,,,,,,,,,,,,,,,,,
雅致色,圣联G500F05暮山灰,1.4 ,1.7 ,,,,,,,,,,,,,,,,,,,,,,,,
雅琴色,圣联61434,1.3 ,1.6 ,,,,,,,,,,,,,,,,,,,,,,,,
雅奢色,圣联G500F07,1.3 ,1.6 ,,,,,,,,,,,,,,,,,,,,,,,,
雅川色,门面门框圣联61455PC,1.3 ,1.6 ,型材拉手万安63113,0.2,0.2,,,,,,,,,,,,,,,,,,,,,
秦川色,圣联61455PC,1.3 ,1.6 ,,,,,,,,,,,,,,,,,,,,,,,,
东元2017色,门架和门面压花处圣联61434,0.5 ,0.7 ,门面大面积圣联1279,0.8,1,,,,门面大面积照川62018-5,6,8,,,,,,,,,,,,,,,
康泰色,门面门架共成PSW27428,1.2 ,1.5 ,,,,,,,,,,,,,,,,,,,,,,,,
土库AZ整版线条色,共成PSW38173,0.6 ,0.9 ,门架中江P7305S,0.2,0.3,,,,长盛736-10CH,4,6,,,,,,,,,,,,,,,
山海色,前板和门框圣联76890,0.7 ,0.9 ,后板中江69001,0.5,0.7,,,,,,,,,,,,,,,,,,,,,
AZ蓝色喷塑,门面圣联61527PC,0.6 ,0.8 ,门架中江P7305S,0.2,0.3,,,,,,,,,,,,,,,,,,,,,
星彩色,门面中江PJB61535,0.8 ,1.2 ,门架中江62707,0.4,0.5,,,,,,,,,,,,,,,,,,,,,
星宇色,门面门架圣联7200PC,1.2 ,1.6 ,,,,,,,,,,,,,,,,,,,,,,,,
长城色,门面门架圣联61434,1.2 ,1.6 ,,,,,,,,,,,,,,,,,,,,,,,,
古北壹号色,门面门架圣联G500F030X,1.2 ,1.6 ,,,,,,,,,,,,,,,,,,,,,,,,
理想灰,中江EP1109,0.8 ,1.2 ,,,,,,,,,,,,,,,,,,,,,,,,
雅曼色,门面门框圣联G500F12,1.2 ,1.6 ,门架型材圣联F024X,0.1,0.1,,,,,,,,,,,,,,,,,,,,,
深灰胡桃木拼色,门面锁具边和门架圣联61434,0.4 ,0.5 ,门面铰链边圣联1279,0.6,0.9,,,,门面铰链边照川62018-5,4,6,,,,,,,,,,,,,,,
星光色,门面门框圣联G500F015X,1.2 ,1.6 ,门面中间卡条和门框型材圣联61597-2,0.2,0.2,,,,,,,,,,,,,,,,,,,,,
星潮色,门面大面积和门框圣联G500F12,1.1 ,1.5 ,门面小面积圣联61597-2,0.3,0.3,,,,,,,,,,,,,,,,,,,,,
杭州湾色,门面圣联61533,0.8 ,1.2 ,门架圣联76920PC,0.4,0.5,,,,,,,,,,,,,,,,,,,,,
家顺色,喜泽荣E3520-1,0.5 ,0.8 ,中江P7305S,0.3,0.4,,,,,,,,,,,,,6D磨砂银灰,1,1.2,,,,,,
年年红宝马灰,共成PYG29125,0.8 ,1.2 ,,,,,,,,,,,,,,,,,,,,,,,,
酒红木纹磨砂,共成PSW18002,0.6 ,0.9 ,,,,,,,吉荣H05102-1,6,8,,,,,,,,,,,,,,,
印度MAH五丰套色,共成PSW18002,0.6 ,0.9 ,,,,,,,边纸和门框纸吉荣H05102-1,5,7,中间黑纸,2,2,,,,,,,,,,,,
燕加隆五丰门套色,共成PSW18104,0.6 ,0.9 ,,,,,,,边纸和门框纸吉荣H09165,4,6,中间纸吉荣H10181,2,2,小方块黑纸,1,1,,,,,,,,,
燕加隆钢雕双色,前锁边中江PS7006,0.3 ,0.3 ,前铰链边和后板和门框中江PJD62759,1,1.5,,,,,,,,,,,,,,,,,,,,,
帝菲尼宝杭竖木纹转印拼色,门面共成PSW98156,0.6 ,0.9 ,门架共成PSW98154,0.2,0.3,,,,照川61061-9,4,6,,,,,,,,,,,,,,,
帝菲尼贝格尔纹转印拼色,门扇圣联7188-2,0.6 ,0.9 ,门架中江P7305S,0.2,0.3,,,,鑫尚彩9916-6,4,6,,,,,,,,,,,,,,,
帝菲尼贝格尔纹喷塑拼色,门面共成PYG29087,0.6 ,0.9 ,门架中江P7305S,0.2,0.3,,,,,,,,,,,,,,,,,,,,,
帝菲尼麻布纹喷塑,门面门框共成PYG29102,0.8 ,1.2 ,,,,,,,,,,,,,,,,,,,,,,,,
燕加隆红铜,喜泽荣E3520-1,0.6 ,0.9 ,,,,,,,,,,,,,,,,喜泽荣镀铜DH1#,0.48,0.68,真铜拉丝11#,0.25,0.3,耐黄变20度,0.33,0.55
华朗色,圣联77140,1.3 ,1.8 ,,,,,,,,,,,,,,,,,,,,,,,,
朗骏色,前板小面积和后板圣联60-3,0.7 ,0.9 ,门框和前板大面积圣联8250PC,0.7,0.9,,,,前板小面积和后板照川61061-7,4,6,,,,,,,,,,,,,,,
卡十仿铜色,喜泽荣E3520-1,0.6 ,0.9 ,,,,,,,,,,,,,,,,水性铜漆B3280,0.7,1.1,YJ拉丝漆2合1,0.33,0.55,耐黄变20度,0.33,0.55
朗朗外贸色,喜泽荣24081603,0.7 ,1.1 ,,,,,,,照川63108-6,6,8,,,,,,,,,,,,,,,
筑品色,简彩PBK4419,1.3 ,1.8 ,,,,,,,,,,,,,,,,,,,,,,,,
琼海色,喜泽荣E3520-1,0.6 ,0.9 ,,,,,,,,,,,,,,,,喜泽荣典雅A08,0.6,0.8,电镀灰,0.33,0.55,耐黄变20度,0.35,0.55
背水一战色,门面中江PJD62766,0.8 ,1.2 ,门架圣联70-10PC,0.4,0.5,,,,,,,,,,,,,,,,,,,,,
如意色,门面门架喜泽荣PTC70027BD,1.2 ,1.6 ,,,,,,,,,,,,,,,,,,,,,,,,
火海套色,共成PYG3114,0.6 ,0.9 ,,,,,,,边纸吉荣H9159-11,4,6,中纸吉荣H0347-8,2,3,,,,水性漆4分光,0.4,0.6,,,,,,
程总仿卡铜色,喜泽荣E3520-1,0.6 ,0.9 ,,,,,,,,,,,,,,,,水性漆0919（SX-303-2）,0.6,0.8,拉丝黑3-CR9002-2,0.33,0.55,耐黄变30度,0.35,0.55
筑虹色工程,门面圣联84790,0.6 ,0.9 ,门架中江PJD67385,0.3,0.4,,,,锦彩8218-1,4,6,,,,,,,,,,,,,,,
恋恋不忘色,圣联0189,0.8 ,1.2 ,,,,,,,照川61711-1,7,10,,,,,,,,,,,,,,,
M4色,共成YG18147,0.6 ,0.9 ,,,,,,,锁边旭腾XT8146-7A,2,2,门架铰链边吉荣H16060-3,4,6,,,,水性漆4分光,0.35,0.55,,,,,,
M5色,共成YG18143,0.6 ,0.9 ,,,,,,,吉荣H16060-3,6,8,,,,,,,水性漆4分光,0.35,0.55,,,,,,
奎文雾凇绿,喜泽荣24051404BD,0.8 ,1.2 ,,,,,,,,,,,,,,,,,,,,,,,,
金色年华色,前板小面共成PYG77739,0.3 ,0.3 ,门框门扇封板圣联G500F015X,1,1.3,,,,,,,,,,,,,,,,,,,,,
捷浩色,门扇圣联61455PC,0.8 ,1.2 ,门扇型材圣联61597-2,0.2,0.2,门框圣联78231,0.4,0.5,,,,,,,,,,,,,,,,,,
捷腾色,前铝板卡条共成PYG77739,0.6 ,0.8 ,门框和后板圣联G500F015X,0.6,0.8,,,,,,,,,,,,,,,,,,,,,
捷峰色,门扇门框喜泽荣PTC70039BD,1.2 ,1.6 ,,,,,,,,,,,,,,,,,,,,,,,,
捷达色,前锁边圣联61597-2,0.3 ,0.3 ,铰链边和后板圣联77070,0.6,0.9,门架中江PJD62707,0.4,0.5,铰链边和后板照川65036-1,4,6,,,,,,,,,,,,,,,
捷顺色,门扇圣联7200PC,0.8 ,1.2 ,门框圣联42001PC,0.4,0.5,,,,,,,,,,,,,,,,,,,,,
程总2027拼色,门面中江P0199S,0.6 ,0.8 ,门架中江P7305S,0.2,0.3,,,,大面积照川62017-1,4,6,中间王力H200B黑纸,1,1,,,,,,,,,,,,
YK009拼色,中江P0077S,0.6 ,0.9 ,,,,,,,门架和锁边吉荣1834-6,3,4,铰链边吉荣H09165-1,4,6,,,,,,,,,,,,
帝菲尼至友门磨砂,共成PSW77158,0.6 ,0.9 ,,,,,,,吉荣H16053-1,6,8,,,,,,,,,,,,,,,
帝菲尼条纹转印拼色,前板和后板铰链边共成PSW4230,0.5 ,0.8 ,后板锁边和门架共成PSW28327,0.4,0.5,,,,前板和后板铰链边吉荣H1827-1,5,7,,,,,,,,,,,,,,,
太空灰1号色,圣联B350-61583PC,0.8 ,1.2 ,,,,,,,,,,,,,,,,,,,,,,,,
卡门29号拼色磨砂,门面圣联7019-2,0.6 ,0.9 ,门架中江P7305S,0.2,0.3,,,,鑫尚彩AD9987,4,6,,,,,,,,,,,,,,,
湖璟色,锁边圣联7599,0.3 ,0.3 ,合页和后板和门架圣联61434PC,0.7,1.1,,,,锁边照川65005-1,2,2,,,,,,,,,,,,,,,
一竖十八横双色,门架和正面锁边共成PSW95210,0.3 ,0.4 ,铰链边和背面共成35360,0.5,0.7,,,,吉荣H16055,4,6,,,,,,,,,,,,,,,
AZ卡门14号拼色,门面共成PYG29115,0.6 ,0.9 ,门架和线条处中江P7305S,0.3,0.4,,,,,,,,,,,,,,,,,,,,,
斜竖七横双色,门架和正面锁边共成PSW95210,0.3 ,0.4 ,铰链边和背面共成38024,0.5,0.7,,,,吉荣H1806,4,6,,,,,,,,,,,,,,,
心心相印色,门面门框圣联6367,0.8 ,1.2 ,,,,,,,照川61219,7,10,,,,,,,,,,,,,,,
外贸RA29色,共成PYG98168,0.8 ,1.2 ,,,,,,,,,,,,,,,,,,,,,,,,
程609灰喷,共成PSW98148,0.8 ,1.2 ,,,,,,,,,,,,,,,,,,,,,,,,
万和色,中江PJD62757,1.2 ,1.6 ,,,,,,,,,,,,,,,,,,,,,,,,
湖璟2号色,共成PSW77857,0.7 ,1.0 ,,,,,,,旭腾DY1408-6,6,8,,,,,,,,,,,,,,,
鳄鱼棕,共成GAL98052,0.8 ,1.4 ,,,,,,,,,,,,,,,,伯明顿CU820-127鳄鱼棕,0.6,1.2,真铜稀料702,0.6,1.2,,,
巴布指定2027拼色,门面共成PSW4230,0.5 ,0.7 ,门架和门面中间中江P7305S,0.3,0.4,,,,门面吉荣H1857,4,6,,,,,,,,,,,,,,,
锦彩色,门面中江P0077S,0.5 ,0.7 ,门架和门面花型处中江P7305S,0.3,0.4,,,,门面锦彩8087-4,4,6,,,,,,,,,,,,,,,
盛江色,门面大面积圣联7168,0.5 ,0.7 ,门架和门面小面积中江P7305S,0.3,0.4,,,,门面大面积长盛9569A,4,6,,,,,,,,,,,,,,,
XD-鸿茂色,门面圣联60-10,0.9 ,1.2 ,门架和铝条圣联61483,0.4,0.5,,,,照川6767-3,5,7,,,,,,,,,,,,,,,
560拼色,锁边和后板共成35360,0.6 ,0.8 ,铰链和门架共成PSW95210,0.4,0.6,,,,吉荣H16055,3,5,,,,,,,,,,,,,,,
一帆风顺色,门面圣联G500F015X,1.0 ,1.3 ,门架圣联70-10PC,0.4,0.5,,,,,,,,,,,,,,,,,,,,,
巴布YK009拼色,中江P0077S,0.7 ,1.0 ,,,,,,,,,,,,,,,,,,,,,,,,
毛里塔2027拼色,门面门架共成4230,0.7 ,1.0 ,,,,,,,吉荣H1857,6,8,中间黑纸,1,1,,,,,,,,,,,,
横纹板木纹拼色,门面共成4230,0.5 ,0.7 ,门架中江P7305S,0.2,0.3,,,,鑫尚彩AD9908-4横贴,4,6,,,,,,,,,,,,,,,
泰和灰白色,共成PYG05637,0.8 ,1.2 ,,,,,,,,,,,,,,,,,,,,,,,,
安娜色,圣联S600.13A陨石灰,1.2 ,1.5 ,,,,,,,,,,,,,,,,,,,,,,,,
山河色,兴顺PLWJ62428-1流光灰,1.2 ,1.6 ,,,,,,,,,,,,,,,,,,,,,,,,
SC灰白斜纹色,门面共成PSW05683,0.5 ,0.7 ,门架中江P7305S,0.2,0.3,,,,铰链边吉荣H10187-11,4,6,锁边黑纸,1,1,,,,,,,,,,,,
SC黄横磨砂色,门面共成PSW38024,0.5 ,0.7 ,门架中江P7305S,0.2,0.3,,,,铰链边吉荣H1806,4,6,锁边黑纸,1,1,,,,,,,,,,,,
燕加隆2027拼色,门面中江PS31327,0.8 ,1.2 ,门架中江P7305S,0.4,0.5,,,,门面旭腾XT9033-6,5,7,中间黑纸,1,1,,,,,,,,,,,,
K卡十拼色,门面共成PSW3114-1,0.5 ,0.8 ,门架中江P7305S,0.2,0.3,,,,边纸吉荣H09165-1,4,6,中间黑纸,1,1,,,,,,,,,,,,
纯P橙棕色砂纹,门面门架共成PSW75270,0.6 ,0.9 ,,,,,,,吉荣H1221-2,6,8,,,,,,,,,,,,,,,
雄库鲁朗骏双色,门架和前板和后板铰链边圣联8250PC,1.1 ,1.5 ,后板锁边圣联60-3,0.3,0.3,,,,后板锁边照川61061-7,2,2,,,,,,,,,,,,,,,
捷豪色,门面门框圣联7507-2PC,0.8 ,1.2 ,门架圣联42001PC,0.4,0.5,,,,,,,,,,,,,,,,,,,,,
捷盛色,门面中江64090,0.8 ,1.2 ,门架圣联70-10PC,0.4,0.5,,,,,,,,,,,,,,,,,,,,,
捷奕色,门面中江PJD62798布兰灰,0.8 ,1.2 ,门架圣联70-10PC,0.4,0.5,拉手和条子中江PJB68005,0.1,0.1,,,,,,,,,,,,,,,,,,
捷升色,门面圣联7200PC,0.8 ,1.2 ,门架圣联42001PC,0.4,0.5,,,,,,,,,,,,,,,,,,,,,
山川色,门面门框圣联S600.05A,1.2 ,1.5 ,,,,,,,,,,,,,,,,,,,,,,,,
思楠色,门面兴顺20066-6,0.9 ,1.2 ,门框圣联7200PC,0.4,0.5,,,,鑫尚彩9939-1,5,8,,,,,,,,,,,,,,,
冰河色,门面门框兴顺PB61468-17,1.2 ,1.5 ,型材喷兴顺PB10661,0.2,0.2,,,,,,,,,,,,,,,,,,,,,
日进斗金色,门扇圣联7200-3PC,0.9 ,1.2 ,门框圣联70-10PC,0.4,0.5,,,,,,,,,,,,,,,,,,,,,
登峰造极色,门扇门框圣联颐家2号,1.2 ,1.5 ,,,,,,,,,,,,,,,,,,,,,,,,
中颐色,门架和门面锁边共成PSW50023,0.4 ,0.5 ,门面铰链边圣联1279,0.5,0.8,,,,照川62018-5,5,7,,,,,,,,,,,,,,,
长城双色,前板和门架中江62709-2,0.8 ,1.0 ,后板圣联7168,0.4,0.6,,,,照川61711-2,3,5,,,,,,,,,,,,,,,
璞悦色,前板和门框中江61582,0.8 ,1.0 ,后板圣联7168,0.4,0.6,,,,照川61711-2,3,5,,,,,,,,,,,,,,,
玲001黄黑拼色,门面门框圣联8191,1.0 ,1.5 ,门面小面积喷黑色,,,,,,照川61365-1竖贴,7,10,,,,,,,,,,,,,,,
沁园色,门面圣联60-10,0.6 ,0.8 ,门架喜泽荣浅黑银砂A,0.2,0.3,,,,照川6767-3,4,6,,,,,,,,,,,,,,,
六期05985,共成PSW05985,0.7 ,1.2 ,,,,,,,,,,,,,,,,,,,,,,,,
璞悦05987,共成PSW05987,0.7 ,1.2 ,,,,,,,,,,,,,,,,,,,,,,,,
天一书院色,门面大面积圣联85020,0.7 ,1.2 ,门面前锁边和门架喜泽荣24032501,0.5,0.6,,,,门面照川65021,5,7,,,,,,,,,,,,,,,
竹涛色,门面中江31320,1.0 ,1.3 ,中江PJD67385,0.5,0.6,,,,鑫尚彩9939-1,5,7,,,,,,,,,,,,,,,
帝都色,门面门架中江PS22046,0.8 ,1.3 ,,,,,,,,,,,,,,,,,,,,,,,,
燕加隆木纹转印拼色,门面共成PSW38907,0.6 ,0.8 ,门架锁边中江P7305S,0.3,0.4,,,,门面鑫尚彩AD953-1,4,6,,,,,,,,,,,,,,,
咖砂凝棕,门面门架中江PJB64029-2,1.2 ,1.5 ,,,,,,,,,,,,,,,,,,,,,,,,
雄库鲁V竖木拼色,后板铰链边和前板兴顺30613-1,0.5 ,0.7 ,门框和后板锁边万安63080,0.3,0.4,,,,后板铰链边和前板鑫尚彩AD9987竖转,4,6,,,,,,,,,,,,,,,
真铜1号色拉黑,中江EP1062-7,0.7 ,1.2 ,,,,,,,,,,,,,,,,波诗明GB-90955,1,1.2,格力丝C-4907H,0.33,0.55,面漆GD-100F30,0.33,0.55
星月色,前锁边圣联70-10PC,0.3 ,0.3 ,门框和门面大面积圣联G500F07,1,1.3,,,,,,,,,,,,,,,,,,,,,
215铜色,度升3016C,0.6 ,0.9 ,,,,,,,,,,,,,,,,喜泽荣3280水性铜漆,0.7,1.1,YJ拉丝漆2合1,0.33,0.55,耐黄变20度,0.33,0.55
三角拼色,门面大面积和门架中江P7305S,0.6 ,0.8 ,共成38024,0.2,0.2,,,,吉荣H1806,2,2,,,,,,,,,,,,,,,
程乱雕拼色, 后板锁具边和前板共成PSW38706,0.5 ,0.7 ,后板铰链边圣联61408PC,0.2,0.2,门架中江P7305S,0.2,0.3,后板锁边和前板吉荣H1327-2,4,6,,,,,,,,,,,,,,,
,,,,,,,,,,,,,,,,,,,,,,,,,,,
